{ "height":20,
 "infinite":false,
 "layers":[
        {
         "data":[1, 1, 1, 1, 1, 1, 1, 1, 1, 1, 1, 1, 1, 1, 1, 1, 1, 1, 1, 1, 1, 0, 0, 0, 1, 0, 0, 0, 1, 0, 0, 1, 0, 0, 0, 1, 0, 0, 0, 1, 1, 0, 1, 0, 0, 0, 1, 0, 0, 1, 0, 1, 0, 0, 0, 1, 0, 0, 0, 1, 1, 1, 1, 1, 1, 1, 1, 1, 0, 1, 0, 1, 0, 0, 0, 1, 0, 0, 0, 1, 1, 0, 0, 0, 0, 0, 0, 0, 0, 1, 0, 1, 0, 0, 0, 1, 0, 0, 0, 1, 1, 0, 1, 1, 1, 1, 1, 1, 1, 1, 0, 1, 0, 0, 0, 1, 0, 0, 0, 1, 1, 0, 0, 0, 0, 0, 0, 0, 0, 0, 0, 1, 0, 0, 0, 1, 0, 0, 0, 1, 1, 1, 1, 1, 1, 0, 1, 1, 1, 0, 0, 1, 0, 0, 0, 1, 0, 0, 0, 1, 1, 0, 0, 0, 0, 0, 0, 0, 0, 0, 0, 1, 0, 0, 0, 1, 0, 0, 0, 1, 1, 0, 0, 0, 0, 0, 0, 0, 0, 0, 0, 0, 0, 0, 0, 1, 0, 0, 0, 1, 1, 0, 0, 0, 0, 0, 0, 0, 0, 0, 0, 0, 0, 0, 0, 1, 0, 0, 0, 1, 1, 1, 1, 1, 1, 1, 1, 1, 0, 0, 1, 1, 1, 1, 0, 1, 0, 0, 0, 1, 1, 0, 0, 0, 0, 0, 0, 0, 0, 0, 0, 0, 0, 0, 0, 1, 0, 0, 0, 1, 1, 0, 0, 0, 1, 0, 0, 0, 0, 0, 0, 0, 0, 0, 0, 0, 0, 0, 0, 1, 1, 0, 0, 0, 1, 0, 0, 0, 0, 0, 1, 0, 0, 0, 0, 0, 0, 0, 0, 1, 1, 0, 0, 0, 0, 0, 0, 0, 0, 0, 1, 0, 0, 0, 0, 0, 0, 0, 0, 1, 1, 1, 1, 1, 1, 1, 1, 1, 0, 0, 1, 0, 1, 1, 1, 1, 1, 1, 0, 1, 1, 0, 0, 0, 0, 0, 0, 0, 0, 0, 1, 0, 0, 0, 0, 0, 0, 0, 0, 1, 1, 0, 0, 0, 0, 0, 0, 0, 0, 0, 1, 0, 0, 0, 0, 0, 0, 0, 0, 1, 1, 1, 1, 1, 1, 1, 1, 1, 1, 1, 1, 1, 1, 1, 1, 1, 1, 1, 1, 1],
         "height":20,
         "name":"maze",
         "opacity":1,
         "type":"tilelayer",
         "visible":true,
         "width":20,
         "x":0,
         "y":0
        }, 
        {
         "draworder":"topdown",
         "name":"Objects",
         "objects":[
                {
                 "gid":5,
                 "height":50,
                 "id":1,
                 "name":"key",
                 "rotation":0,
                 "type":"",
                 "visible":true,
                 "width":50,
                 "x":72,
                 "y":936
                }, 
                {
                 "gid":4,
                 "height":50,
                 "id":2,
                 "name":"door",
                 "rotation":0,
                 "type":"",
                 "visible":true,
                 "width":50,
                 "x":881,
                 "y":129
                }, 
                {
                 "gid":3,
                 "height":50,
                 "id":4,
                 "name":"enemy",
                 "rotation":0,
                 "type":"",
                 "visible":true,
                 "width":50,
                 "x":808,
                 "y":645
                }, 
                {
                 "gid":3,
                 "height":50,
                 "id":5,
                 "name":"enemy",
                 "rotation":0,
                 "type":"",
                 "visible":true,
                 "width":50,
                 "x":50,
                 "y":251
                }, 
                {
                 "gid":2,
                 "height":50,
                 "id":7,
                 "name":"player",
                 "rotation":0,
                 "type":"",
                 "visible":true,
                 "width":50,
                 "x":50,
                 "y":452
                }, 
                {
                 "gid":3,
                 "height":50,
                 "id":8,
                 "name":"enemy",
                 "rotation":0,
                 "type":"",
                 "visible":true,
                 "width":50,
                 "x":70,
                 "y":659
                }, 
                {
                 "gid":3,
                 "height":50,
                 "id":9,
                 "name":"enemy",
                 "rotation":0,
                 "type":"",
                 "visible":true,
                 "width":50,
                 "x":451,
                 "y":105
                }, 
                {
                 "gid":3,
                 "height":50,
                 "id":10,
                 "name":"enemy",
                 "rotation":0,
                 "type":"",
                 "visible":true,
                 "width":50,
                 "x":672,
                 "y":275
                }, 
                {
                 "gid":3,
                 "height":50,
                 "id":11,
                 "name":"enemy",
                 "rotation":0,
                 "type":"",
                 "visible":true,
                 "width":50,
                 "x":593,
                 "y":945
                }, 
                {
                 "gid":3,
                 "height":50,
                 "id":12,
                 "name":"enemy",
                 "rotation":0,
                 "type":"",
                 "visible":true,
                 "width":50,
                 "x":53,
                 "y":108
                }],
         "opacity":1,
         "type":"objectgroup",
         "visible":true,
         "x":0,
         "y":0
        }],
 "nextobjectid":13,
 "orientation":"orthogonal",
 "renderorder":"right-down",
 "tiledversion":"2018.02.14",
 "tileheight":50,
 "tilesets":[
        {
         "columns":3,
         "firstgid":1,
         "image":"tileset.png",
         "imageheight":150,
         "imagewidth":150,
         "margin":0,
         "name":"tileset",
         "spacing":0,
         "tilecount":9,
         "tileheight":50,
         "tilewidth":50
        }],
 "tilewidth":50,
 "type":"map",
 "version":1.2,
 "width":20
}