{ "height":10,
 "infinite":false,
 "layers":[
        {
         "data":[1, 1, 1, 1, 1, 1, 1, 1, 1, 1, 1, 0, 0, 0, 1, 1, 0, 0, 0, 1, 1, 0, 1, 0, 1, 0, 0, 1, 0, 1, 1, 0, 1, 0, 1, 0, 1, 1, 1, 1, 1, 0, 0, 0, 0, 0, 0, 0, 0, 1, 1, 1, 1, 1, 0, 1, 1, 1, 0, 1, 1, 0, 0, 0, 0, 0, 0, 0, 0, 1, 1, 0, 1, 1, 1, 0, 1, 1, 0, 1, 1, 0, 0, 0, 0, 0, 0, 0, 0, 1, 1, 1, 1, 1, 1, 1, 1, 1, 1, 1],
         "height":10,
         "name":"maze",
         "opacity":1,
         "type":"tilelayer",
         "visible":true,
         "width":10,
         "x":0,
         "y":0
        }, 
        {
         "draworder":"topdown",
         "name":"Objects",
         "objects":[
                {
                 "gid":5,
                 "height":50,
                 "id":1,
                 "name":"key",
                 "rotation":0,
                 "type":"",
                 "visible":true,
                 "width":50,
                 "x":149,
                 "y":150
                }],
         "opacity":1,
         "type":"objectgroup",
         "visible":true,
         "x":0,
         "y":0
        }],
 "nextobjectid":2,
 "orientation":"orthogonal",
 "renderorder":"right-down",
 "tiledversion":"2018.02.14",
 "tileheight":50,
 "tilesets":[
        {
         "columns":3,
         "firstgid":1,
         "image":"tileset.png",
         "imageheight":150,
         "imagewidth":150,
         "margin":0,
         "name":"tileset",
         "spacing":0,
         "tilecount":9,
         "tileheight":50,
         "tilewidth":50
        }],
 "tilewidth":50,
 "type":"map",
 "version":1.2,
 "width":10
}